App,Description of the offer,Applicable Credit Card,Applicable Debit Card,Coupon Code/Link
Instamart,15% discount up to Rs. 125 on orders above Rs. 499,PNB EMT RuPay Platinum Credit Card,,PNBCC125
Instamart,15% discount up to Rs. 125 on orders above Rs. 499,The PNB Global Platinum Credit Card,,PNBCC125
Instamart,15% discount up to Rs. 125 on orders above Rs. 499,PNB RuPay Platinum Credit Card,,PNBCC125
Instamart,15% discount up to Rs. 100 on orders above Rs. 499,YES BANK Rio RuPay Credit Card,,YESCCINSTA
Instamart,15% discount up to Rs. 100 on orders above Rs. 499,YES BANK Paisabazaar PaisaSave Credit Card,,YESCCINSTA
Instamart,15% discount up to Rs. 100 on orders above Rs. 499,YES BANK Anq Pi Credit Card,,YESCCINSTA
Instamart,15% discount up to Rs. 100 on orders above Rs. 499,Yes EMI Credit Card,,YESCCINSTA
Instamart,15% discount up to Rs. 100 on orders above Rs. 499,Yes ELITE Credit Card,,YESCCINSTA
Instamart,15% discount up to Rs. 100 on orders above Rs. 499,Yes RESERV Credit Card,,YESCCINSTA
Instamart,15% discount up to Rs. 100 on orders above Rs. 499,Yes Private Prime Credit Card,,YESCCINSTA
Instamart,15% discount up to Rs. 100 on orders above Rs. 499,YES Bank Marquee Credit Card,,YESCCINSTA
Instamart,15% discount up to Rs. 100 on orders above Rs. 499,Yes Bank BYOC Credit Card,,YESCCINSTA
Instamart,15% discount up to Rs. 100 on orders above Rs. 499,Yes Bank Finbooster Credit Card,,YESCCINSTA
Instamart,15% discount up to Rs. 100 on orders above Rs. 499,Yes Bank Wellness Plus Credit Card,,YESCCINSTA
Instamart,15% discount up to Rs. 100 on orders above Rs. 499,Yes Bank Wellness Credit Card,,YESCCINSTA
Instamart,15% discount up to Rs. 100 on orders above Rs. 499,Yes Prosperity Cashback Plus Credit Card,,YESCCINSTA
Instamart,15% discount up to Rs. 100 on orders above Rs. 499,Yes Prosperity Cashback Credit Card,,YESCCINSTA
Instamart,15% discount up to Rs. 100 on orders above Rs. 499,Yes Prosperity Reward Plus Credit Card,,YESCCINSTA
Instamart,15% discount up to Rs. 100 on orders above Rs. 499,Yes Prosperity Reward Credit Card,,YESCCINSTA
Instamart,15% discount up to Rs. 100 on orders above Rs. 499,Yes Prosperity Edge Credit Card,,YESCCINSTA
Instamart,12% discount up to Rs. 200 on orders above Rs. 999,Kotak Urbane Gold Credit Card,,KOTAKCCIM
Instamart,12% discount up to Rs. 200 on orders above Rs. 999,Kotak 811 Credit Card,,KOTAKCCIM
Instamart,12% discount up to Rs. 200 on orders above Rs. 999,Kotak 811 Dream Different Credit Card,,KOTAKCCIM
Instamart,12% discount up to Rs. 200 on orders above Rs. 999,Kotak Mojo Platinum Credit Card,,KOTAKCCIM
Instamart,12% discount up to Rs. 200 on orders above Rs. 999,Indian Oil Kotak Credit Card,,KOTAKCCIM
Instamart,12% discount up to Rs. 200 on orders above Rs. 999,PVR INOX Kotak Credit Card,,KOTAKCCIM
Instamart,12% discount up to Rs. 200 on orders above Rs. 999,Kotak White Credit Card,,KOTAKCCIM
Instamart,12% discount up to Rs. 200 on orders above Rs. 999,Kotak Zen Signature Credit Card,,KOTAKCCIM
Instamart,12% discount up to Rs. 200 on orders above Rs. 999,Kotak League Platinum Credit Card,,KOTAKCCIM
Instamart,10% discount up to Rs. 150 on orders above Rs. 999,Axis Bank Shoppers Stop Credit Card,,AXISINSTA
Instamart,10% discount up to Rs. 150 on orders above Rs. 999,Axis Bank Miles And More World Credit Card,,AXISINSTA
Instamart,10% discount up to Rs. 150 on orders above Rs. 999,Axis Bank Miles And More World Select Credit Card,,AXISINSTA
Instamart,10% discount up to Rs. 150 on orders above Rs. 999,Axis Bank Rewards Credit Card,,AXISINSTA
Instamart,10% discount up to Rs. 150 on orders above Rs. 999,Axis Bank Neo Credit Card,,AXISINSTA
Instamart,10% discount up to Rs. 150 on orders above Rs. 999,Fibe Axis Bank Rupay Credit Card,,AXISINSTA
Instamart,10% discount up to Rs. 150 on orders above Rs. 999,Axis KWIK Credit Card,,AXISINSTA
Instamart,10% discount up to Rs. 150 on orders above Rs. 999,Axis Insta Easy Credit Card,,AXISINSTA
Instamart,10% discount up to Rs. 150 on orders above Rs. 999,Axis Bank My Wings Credit Card,,AXISINSTA
Instamart,10% discount up to Rs. 150 on orders above Rs. 999,Axis Bank Titanium Smart Traveller Credit Card,,AXISINSTA
Instamart,10% discount up to Rs. 150 on orders above Rs. 999,Axis Bank Platinum Credit Card,,AXISINSTA
Instamart,10% discount up to Rs. 150 on orders above Rs. 999,LIC Axis Bank Platinum Credit Card,,AXISINSTA
Instamart,10% discount up to Rs. 150 on orders above Rs. 999,LIC Axis Bank Signature Credit Card,,AXISINSTA
Instamart,10% discount up to Rs. 150 on orders above Rs. 999,Axis Bank Signature Credit Card,,AXISINSTA
Instamart,10% discount up to Rs. 150 on orders above Rs. 999,Axis Bank Privilege Easy Credit Card,,AXISINSTA
Instamart,10% discount up to Rs. 150 on orders above Rs. 999,Axis Bank Pride Signature Credit Card,,AXISINSTA
Instamart,10% discount up to Rs. 150 on orders above Rs. 999,Axis Bank Pride Platinum Credit Card,,AXISINSTA
Instamart,10% discount up to Rs. 150 on orders above Rs. 999,Axis Bank Ace Credit Card,,AXISINSTA
Instamart,10% discount up to Rs. 150 on orders above Rs. 999,Axis Bank Freecharge Plus Credit Card,,AXISINSTA
Instamart,10% discount up to Rs. 150 on orders above Rs. 999,Axis Bank Freecharge Credit Card,,AXISINSTA
Instamart,10% discount up to Rs. 150 on orders above Rs. 999,Axis Bank Aura Credit Card,,AXISINSTA
Instamart,10% discount up to Rs. 150 on orders above Rs. 999,Axis Bank Reserve Credit Card,,AXISINSTA
Instamart,10% discount up to Rs. 150 on orders above Rs. 999,Axis Bank Neo Credit Card,,AXISINSTA
Instamart,10% discount up to Rs. 150 on orders above Rs. 999,Flipkart Axis Bank SuperElite Credit Card,,AXISINSTA
Instamart,10% discount up to Rs. 150 on orders above Rs. 999,Airtel Axis Bank Credit Card,,AXISINSTA
Instamart,10% discount up to Rs. 150 on orders above Rs. 999,Samsung Axis Bank Infinite Credit Card,,AXISINSTA
Instamart,10% discount up to Rs. 150 on orders above Rs. 999,Samsung Axis Bank Signature Credit Card,,AXISINSTA
Instamart,10% discount up to Rs. 150 on orders above Rs. 999,Axis Bank SpiceJet Voyage Black Credit Card,,AXISINSTA
Instamart,10% discount up to Rs. 150 on orders above Rs. 999,Axis Bank Atlas Credit Card,,AXISINSTA
Instamart,10% discount up to Rs. 150 on orders above Rs. 999,SpiceJet Axis Bank Voyage Credit Card,,AXISINSTA
Instamart,10% discount up to Rs. 150 on orders above Rs. 999,Axis Bank Select Credit Card,,AXISINSTA
Instamart,10% discount up to Rs. 150 on orders above Rs. 999,Axis Bank Privilege Credit Card,,AXISINSTA
Instamart,10% discount up to Rs. 150 on orders above Rs. 999,Axis Bank Vistara Infinite Credit Card,,AXISINSTA
Instamart,10% discount up to Rs. 150 on orders above Rs. 999,Axis Bank Magnus Credit Card,,AXISINSTA
Instamart,10% discount up to Rs. 150 on orders above Rs. 999,Axis Bank Vistara Signature Credit Card,,AXISINSTA
Instamart,10% discount up to Rs. 150 on orders above Rs. 999,Axis Bank Vistara Credit Card,,AXISINSTA
Instamart,10% discount up to Rs. 150 on orders above Rs. 999,Axis Bank MY Zone Credit Card,,AXISINSTA
Instamart,10% discount up to Rs. 150 on orders above Rs. 999,Flipkart Axis Bank Credit Card,,AXISINSTA
Instamart,10% discount up to Rs. 150 on orders above Rs. 999,IndianOil Axis Bank Credit Card,,AXISINSTA
Instamart,10% discount up to Rs. 150 on orders above Rs. 499,Federal Bank Wave Credit Card,,FERERALCCIM
Instamart,10% discount up to Rs. 75 on orders above Rs. 499,,Federal Bank Celesta Debit Card,FEDERALDCIM
Instamart,10% discount up to Rs. 75 on orders above Rs. 499,,Federal Bank Imperio Debit Card,FEDERALDCIM
Instamart,10% discount up to Rs. 75 on orders above Rs. 499,,Federal Bank Signet Debit Card,FEDERALDCIM
Instamart,10% discount up to Rs. 75 on orders above Rs. 499,,FederalBank Crown Debit Card,FEDERALDCIM
Instamart,10% discount up to Rs. 75 on orders above Rs. 499,,RuPay PMJDY Debit Card,FEDERALDCIM
Instamart,10% discount up to Rs. 75 on orders above Rs. 499,,Rupay Platinum Contactless Debit Card,FEDERALDCIM
Instamart,10% discount up to Rs. 100 on orders above Rs. 499,IRCTC RBL Bank Credit Card,,RBLCC100
Instamart,10% discount up to Rs. 100 on orders above Rs. 499,IndianOil RBL Bank Credit Card,,RBLCC100
Instamart,10% discount up to Rs. 100 on orders above Rs. 499,IndianOil RBL Bank XTRA Credit Card,,RBLCC100
Instamart,10% discount up to Rs. 100 on orders above Rs. 499,RBL Bank iGlobe Credit Card,,RBLCC100
Instamart,10% discount up to Rs. 100 on orders above Rs. 499,RBL Bank Movies and More Credit Card,,RBLCC100
Instamart,10% discount up to Rs. 100 on orders above Rs. 499,RBL Bank MoneyTap Credit Card,,RBLCC100
Instamart,10% discount up to Rs. 100 on orders above Rs. 499,BankBazaar SaveMax Credit Card,,RBLCC100
Instamart,10% discount up to Rs. 100 on orders above Rs. 499,Bankbazaar Savemax Pro Credit Card,,RBLCC100
Instamart,10% discount up to Rs. 100 on orders above Rs. 499,Mo Cash Credit Card,,RBLCC100
Instamart,10% discount up to Rs. 100 on orders above Rs. 499,RBL Bank Play Credit Card,,RBLCC100
Instamart,10% discount up to Rs. 100 on orders above Rs. 499,RBL Bank Cookie Credit Card,,RBLCC100
Instamart,10% discount up to Rs. 100 on orders above Rs. 499,RBL Bank Icon Credit Card,,RBLCC100
Instamart,10% discount up to Rs. 100 on orders above Rs. 499,RBL Bank Platinum Delight Credit Card,,RBLCC100
Instamart,10% discount up to Rs. 100 on orders above Rs. 499,RBL Bank Platinum Maxima Credit Card,,RBLCC100
Instamart,10% discount up to Rs. 100 on orders above Rs. 499,RBL Bank Lazy Pay Credit Card,,RBLCC100
Instamart,10% discount up to Rs. 100 on orders above Rs. 499,RBL Bank World Safari Credit Card,,RBLCC100
Instamart,10% discount up to Rs. 100 on orders above Rs. 499,RBL Bank Monthly Treats Credit Card,,RBLCC100
Instamart,10% discount up to Rs. 100 on orders above Rs. 499,RBL Bank Shoprite Credit Card,,RBLCC100
Instamart,10% discount up to Rs. 150 on orders above Rs. 749,HSBC TravelOne Credit Card,,HSBCINSTA
Instamart,10% discount up to Rs. 150 on orders above Rs. 749,HSBC Taj Credit Card,,HSBCINSTA
Instamart,10% discount up to Rs. 150 on orders above Rs. 749,HSBC Visa Platinum Credit Card,,HSBCINSTA
Instamart,10% discount up to Rs. 150 on orders above Rs. 749,HSBC Premier Mastercard Credit Card,,HSBCINSTA
Instamart,Flat Rs. 100 discount on orders above Rs. 500,SBM Magnet FD Credit Card,,ZETCC100
Instamart,Flat Rs. 50 discount on orders above Rs. 500,AU Bank InstaPay Credit Card,,AUIMCC
Instamart,Flat Rs. 50 discount on orders above Rs. 500,AU Bank Zenith+ Credit Card,,AUIMCC
Instamart,Flat Rs. 50 discount on orders above Rs. 500,AU Small Finance Bank ixigo Credit Card,,AUIMCC
Instamart,Flat Rs. 50 discount on orders above Rs. 500,AU Small Finance Bank Zenith Credit Card,,AUIMCC
Instamart,Flat Rs. 50 discount on orders above Rs. 500,AU Small Finance Bank Altura Plus Credit Card,,AUIMCC
Instamart,Flat Rs. 50 discount on orders above Rs. 500,AU Small Finance Bank Altura Credit Card,,AUIMCC
Instamart,Flat Rs. 50 discount on orders above Rs. 500,AU Small Finance Bank LIT Credit Card,,AUIMCC
Instamart,Flat Rs. 50 discount on orders above Rs. 500,Au Small Finance Bank Vetta Credit Card,,AUIMCC
Blinkit,12% discount up to Rs. 200 on orders above Rs. 999,Kotak Urbane Gold Credit Card,,KOTAKCC200
Blinkit,12% discount up to Rs. 200 on orders above Rs. 999,Kotak 811 Credit Card,,KOTAKCC200
Blinkit,12% discount up to Rs. 200 on orders above Rs. 999,Kotak 811 Dream Different Credit Card,,KOTAKCC200
Blinkit,12% discount up to Rs. 200 on orders above Rs. 999,Kotak Mojo Platinum Credit Card,,KOTAKCC200
Blinkit,12% discount up to Rs. 200 on orders above Rs. 999,Indian Oil Kotak Credit Card,,KOTAKCC200
Blinkit,12% discount up to Rs. 200 on orders above Rs. 999,PVR INOX Kotak Credit Card,,KOTAKCC200
Blinkit,12% discount up to Rs. 200 on orders above Rs. 999,Kotak White Credit Card,,KOTAKCC200
Blinkit,12% discount up to Rs. 200 on orders above Rs. 999,Kotak Zen Signature Credit Card,,KOTAKCC200
Blinkit,12% discount up to Rs. 200 on orders above Rs. 999,Kotak League Platinum Credit Card,,KOTAKCC200
Blinkit,Flat Rs. 50 discount on orders above Rs. 100,AU Bank InstaPay Credit Card,,AUCC50
Blinkit,Flat Rs. 50 discount on orders above Rs. 100,AU Bank Zenith+ Credit Card,,AUCC50
Blinkit,Flat Rs. 50 discount on orders above Rs. 100,AU Small Finance Bank ixigo Credit Card,,AUCC50
Blinkit,Flat Rs. 50 discount on orders above Rs. 100,AU Small Finance Bank Zenith Credit Card,,AUCC50
Blinkit,Flat Rs. 50 discount on orders above Rs. 100,AU Small Finance Bank Altura Plus Credit Card,,AUCC50
Blinkit,Flat Rs. 50 discount on orders above Rs. 100,AU Small Finance Bank Altura Credit Card,,AUCC50
Blinkit,Flat Rs. 50 discount on orders above Rs. 100,AU Small Finance Bank LIT Credit Card,,AUCC50
Blinkit,Flat Rs. 50 discount on orders above Rs. 100,Au Small Finance Bank Vetta Credit Card,,AUCC50
Blinkit,10% discount upto Rs. 200 per transaction with no minimum order value.,Standard Charted Digismart Credit Card,,DIGISMART
Blinkit,10% discount up to Rs. 250 on orders above Rs. 750,Axis Neo Credit Card,,AXISNEO
Blinkit,10% discount up to Rs. 200 on orders above Rs. 1000,,Yes Bank First Debit Card,YESFIRST10
Blinkit,5% off up to Rs. 50 per transaction on orders above Rs. 300,,AU Royale Business Debit Card,AUDCBLINKIT
Blinkit,5% off up to Rs. 50 per transaction on orders above Rs. 300,,Visa Business Gold Debit Card,AUDCBLINKIT
Blinkit,5% off up to Rs. 50 per transaction on orders above Rs. 300,,AU Royale Debit Card,AUDCBLINKIT
Blinkit,5% off up to Rs. 50 per transaction on orders above Rs. 300,,Visa Gold Debit Card,AUDCBLINKIT
Blinkit,5% off up to Rs. 50 per transaction on orders above Rs. 300,,Platinum Debit Card,AUDCBLINKIT
Blinkit,5% off up to Rs. 50 per transaction on orders above Rs. 300,,AU Royale World Debit Card,AUDCBLINKIT
Blinkit,5% off up to Rs. 50 per transaction on orders above Rs. 300,,RuPay Platinum Debit Card,AUDCBLINKIT
Blinkit,5% off up to Rs. 50 per transaction on orders above Rs. 300,,RuPay Classic Debit Card,AUDCBLINKIT
Blinkit,5% off up to Rs. 50 per transaction on orders above Rs. 300,,Visa Business Platinum Debit Card,AUDCBLINKIT
Blinkit,5% off up to Rs. 50 per transaction on orders above Rs. 300,,Mastercard Platinum Debit Card,AUDCBLINKIT
Blinkit,15% off up to Rs 250 on order above Rs. 699,PNB EMT RuPay Platinum Credit Card,,PNBBLINKIT
Blinkit,15% off up to Rs 250 on order above Rs. 699,The PNB Global Platinum Credit Card,,PNBBLINKIT
Blinkit,15% off up to Rs 250 on order above Rs. 699,PNB RuPay Platinum Credit Card,,PNBBLINKIT
Blinkit,10% discount up to Rs. 120 on orders above Rs. 1000,IRCTC RBL Bank Credit Card,,RBL120
Blinkit,10% discount up to Rs. 120 on orders above Rs. 1000,IndianOil RBL Bank Credit Card,,RBL120
Blinkit,10% discount up to Rs. 120 on orders above Rs. 1000,IndianOil RBL Bank XTRA Credit Card,,RBL120
Blinkit,10% discount up to Rs. 120 on orders above Rs. 1000,RBL Bank iGlobe Credit Card,,RBL120
Blinkit,10% discount up to Rs. 120 on orders above Rs. 1000,RBL Bank Movies and More Credit Card,,RBL120
Blinkit,10% discount up to Rs. 120 on orders above Rs. 1000,RBL Bank MoneyTap Credit Card,,RBL120
Blinkit,10% discount up to Rs. 120 on orders above Rs. 1000,BankBazaar SaveMax Credit Card,,RBL120
Blinkit,10% discount up to Rs. 120 on orders above Rs. 1000,Bankbazaar Savemax Pro Credit Card,,RBL120
Blinkit,10% discount up to Rs. 120 on orders above Rs. 1000,Mo Cash Credit Card,,RBL120
Blinkit,10% discount up to Rs. 120 on orders above Rs. 1000,RBL Bank Play Credit Card,,RBL120
Blinkit,10% discount up to Rs. 120 on orders above Rs. 1000,RBL Bank Cookie Credit Card,,RBL120
Blinkit,10% discount up to Rs. 120 on orders above Rs. 1000,RBL Bank Icon Credit Card,,RBL120
Blinkit,10% discount up to Rs. 120 on orders above Rs. 1000,RBL Bank Platinum Delight Credit Card,,RBL120
Blinkit,10% discount up to Rs. 120 on orders above Rs. 1000,RBL Bank Platinum Maxima Credit Card,,RBL120
Blinkit,10% discount up to Rs. 120 on orders above Rs. 1000,RBL Bank Lazy Pay Credit Card,,RBL120
Blinkit,10% discount up to Rs. 120 on orders above Rs. 1000,RBL Bank World Safari Credit Card,,RBL120
Blinkit,10% discount up to Rs. 120 on orders above Rs. 1000,RBL Bank Monthly Treats Credit Card,,RBL120
Blinkit,10% discount up to Rs. 120 on orders above Rs. 1000,RBL Bank Shoprite Credit Card,,RBL120
Blinkit,10% discount up to Rs. 200 on orders above Rs. 999,VISA Classic Credit Card,,CANARACC200
Blinkit,10% discount up to Rs. 200 on orders above Rs. 999,Mastercard Standard Credit Card,,CANARACC200
Blinkit,10% discount up to Rs. 200 on orders above Rs. 999,Rupay Classic Credit Card,,CANARACC200
Blinkit,10% discount up to Rs. 200 on orders above Rs. 999,VISA Gold Secured Credit Card,,CANARACC200
Blinkit,10% discount up to Rs. 200 on orders above Rs. 999,Mastercard Gold Secured Credit Card,,CANARACC200
Blinkit,10% discount up to Rs. 200 on orders above Rs. 999,Rupay Platinum Secured Credit Card,,CANARACC200
Blinkit,10% discount up to Rs. 200 on orders above Rs. 999,VISA Gold Credit Card,,CANARACC200
Blinkit,10% discount up to Rs. 200 on orders above Rs. 999,Mastercard Gold Credit Card,,CANARACC200
Blinkit,10% discount up to Rs. 200 on orders above Rs. 999,Rupay Platinum Credit Card,,CANARACC200
Blinkit,10% discount up to Rs. 200 on orders above Rs. 999,Rupay Select Secured Credit Card,,CANARACC200
Blinkit,10% discount up to Rs. 200 on orders above Rs. 999,VISA Corporate Credit Card,,CANARACC200
Blinkit,10% discount up to Rs. 200 on orders above Rs. 999,Mastercard Platinum Credit Card,,CANARACC200
Blinkit,10% discount up to Rs. 200 on orders above Rs. 999,Visa Platinum Credit Card,,CANARACC200
Blinkit,10% discount up to Rs. 200 on orders above Rs. 999,Mastercard World Credit Card,,CANARACC200
Blinkit,10% discount up to Rs. 200 on orders above Rs. 999,Rupay Select Credit Card,,CANARACC200
Zepto,Flat 10% off upto Rs. 250 on transactions above Rs. 1799,,SBI Virtual Debit Card,ZSSSBIDC
Zepto,Flat 10% off upto Rs. 250 on transactions above Rs. 1799,,SBI Global International Debit Card,ZSSSBIDC
Zepto,Flat 10% off upto Rs. 250 on transactions above Rs. 1799,,SBI Gold International Debit Card,ZSSSBIDC
Zepto,Flat 10% off upto Rs. 250 on transactions above Rs. 1799,,SBI Platinum International Debit Card,ZSSSBIDC
Zepto,Flat 10% off upto Rs. 250 on transactions above Rs. 1799,,SBI My Card International Debit Card,ZSSSBIDC
Zepto,Flat 10% off upto Rs. 250 on transactions above Rs. 1799,,SBI IOCL Co-Branded Contactless RuPay Debit Card,ZSSSBIDC
Zepto,Up to Rs. 200 off on orders above Rs. 1499,IRCTC RBL Bank Credit Card,,ZSSRBLCC
Zepto,Up to Rs. 200 off on orders above Rs. 1499,IndianOil RBL Bank Credit Card,,ZSSRBLCC
Zepto,Up to Rs. 200 off on orders above Rs. 1499,IndianOil RBL Bank XTRA Credit Card,,ZSSRBLCC
Zepto,Up to Rs. 200 off on orders above Rs. 1499,RBL Bank iGlobe Credit Card,,ZSSRBLCC
Zepto,Up to Rs. 200 off on orders above Rs. 1499,RBL Bank Movies and More Credit Card,,ZSSRBLCC
Zepto,Up to Rs. 200 off on orders above Rs. 1499,RBL Bank MoneyTap Credit Card,,ZSSRBLCC
Zepto,Up to Rs. 200 off on orders above Rs. 1499,BankBazaar SaveMax Credit Card,,ZSSRBLCC
Zepto,Up to Rs. 200 off on orders above Rs. 1499,Bankbazaar Savemax Pro Credit Card,,ZSSRBLCC
Zepto,Up to Rs. 200 off on orders above Rs. 1499,Mo Cash Credit Card,,ZSSRBLCC
Zepto,Up to Rs. 200 off on orders above Rs. 1499,RBL Bank Play Credit Card,,ZSSRBLCC
Zepto,Up to Rs. 200 off on orders above Rs. 1499,RBL Bank Cookie Credit Card,,ZSSRBLCC
Zepto,Up to Rs. 200 off on orders above Rs. 1499,RBL Bank Icon Credit Card,,ZSSRBLCC
Zepto,Up to Rs. 200 off on orders above Rs. 1499,RBL Bank Platinum Delight Credit Card,,ZSSRBLCC
Zepto,Up to Rs. 200 off on orders above Rs. 1499,RBL Bank Platinum Maxima Credit Card,,ZSSRBLCC
Zepto,Up to Rs. 200 off on orders above Rs. 1499,RBL Bank Lazy Pay Credit Card,,ZSSRBLCC
Zepto,Up to Rs. 200 off on orders above Rs. 1499,RBL Bank World Safari Credit Card,,ZSSRBLCC
Zepto,Up to Rs. 200 off on orders above Rs. 1499,RBL Bank Monthly Treats Credit Card,,ZSSRBLCC
Zepto,Up to Rs. 200 off on orders above Rs. 1499,RBL Bank Shoprite Credit Card,,ZSSRBLCC
Zepto,12% discount up to Rs. 200 on orders above Rs. 999,Kotak Urbane Gold Credit Card,,ZEPKOTAKCC
Zepto,12% discount up to Rs. 200 on orders above Rs. 999,Kotak 811 Credit Card,,ZEPKOTAKCC
Zepto,12% discount up to Rs. 200 on orders above Rs. 999,Kotak 811 Dream Different Credit Card,,ZEPKOTAKCC
Zepto,12% discount up to Rs. 200 on orders above Rs. 999,Kotak Mojo Platinum Credit Card,,ZEPKOTAKCC
Zepto,12% discount up to Rs. 200 on orders above Rs. 999,Indian Oil Kotak Credit Card,,ZEPKOTAKCC
Zepto,12% discount up to Rs. 200 on orders above Rs. 999,PVR INOX Kotak Credit Card,,ZEPKOTAKCC
Zepto,12% discount up to Rs. 200 on orders above Rs. 999,Kotak White Credit Card,,ZEPKOTAKCC
Zepto,12% discount up to Rs. 200 on orders above Rs. 999,Kotak Zen Signature Credit Card,,ZEPKOTAKCC
Zepto,12% discount up to Rs. 200 on orders above Rs. 999,Kotak League Platinum Credit Card,,ZEPKOTAKCC
Zepto,Flat 10% off upto Rs. 200 on transactions above Rs. 899,,SBI Virtual Debit Card,ZEPSBIDC
Zepto,Flat 10% off upto Rs. 200 on transactions above Rs. 899,,SBI Global International Debit Card,ZEPSBIDC
Zepto,Flat 10% off upto Rs. 200 on transactions above Rs. 899,,SBI Gold International Debit Card,ZEPSBIDC
Zepto,Flat 10% off upto Rs. 200 on transactions above Rs. 899,,SBI Platinum International Debit Card,ZEPSBIDC
Zepto,Flat 10% off upto Rs. 200 on transactions above Rs. 899,,SBI My Card International Debit Card,ZEPSBIDC
Zepto,Flat 10% off upto Rs. 200 on transactions above Rs. 899,,SBI IOCL Co-Branded Contactless RuPay Debit Card,ZEPSBIDC
Zepto,Flat 10% off upto Rs. 100 on transactions above Rs. 599,IRCTC RBL Bank Credit Card,,ZEPRBLCC
Zepto,Flat 10% off upto Rs. 100 on transactions above Rs. 599,IndianOil RBL Bank Credit Card,,ZEPRBLCC
Zepto,Flat 10% off upto Rs. 100 on transactions above Rs. 599,IndianOil RBL Bank XTRA Credit Card,,ZEPRBLCC
Zepto,Flat 10% off upto Rs. 100 on transactions above Rs. 599,RBL Bank iGlobe Credit Card,,ZEPRBLCC
Zepto,Flat 10% off upto Rs. 100 on transactions above Rs. 599,RBL Bank Movies and More Credit Card,,ZEPRBLCC
Zepto,Flat 10% off upto Rs. 100 on transactions above Rs. 599,RBL Bank MoneyTap Credit Card,,ZEPRBLCC
Zepto,Flat 10% off upto Rs. 100 on transactions above Rs. 599,BankBazaar SaveMax Credit Card,,ZEPRBLCC
Zepto,Flat 10% off upto Rs. 100 on transactions above Rs. 599,Bankbazaar Savemax Pro Credit Card,,ZEPRBLCC
Zepto,Flat 10% off upto Rs. 100 on transactions above Rs. 599,Mo Cash Credit Card,,ZEPRBLCC
Zepto,Flat 10% off upto Rs. 100 on transactions above Rs. 599,RBL Bank Play Credit Card,,ZEPRBLCC
Zepto,Flat 10% off upto Rs. 100 on transactions above Rs. 599,RBL Bank Cookie Credit Card,,ZEPRBLCC
Zepto,Flat 10% off upto Rs. 100 on transactions above Rs. 599,RBL Bank Icon Credit Card,,ZEPRBLCC
Zepto,Flat 10% off upto Rs. 100 on transactions above Rs. 599,RBL Bank Platinum Delight Credit Card,,ZEPRBLCC
Zepto,Flat 10% off upto Rs. 100 on transactions above Rs. 599,RBL Bank Platinum Maxima Credit Card,,ZEPRBLCC
Zepto,Flat 10% off upto Rs. 100 on transactions above Rs. 599,RBL Bank Lazy Pay Credit Card,,ZEPRBLCC
Zepto,Flat 10% off upto Rs. 100 on transactions above Rs. 599,RBL Bank World Safari Credit Card,,ZEPRBLCC
Zepto,Flat 10% off upto Rs. 100 on transactions above Rs. 599,RBL Bank Monthly Treats Credit Card,,ZEPRBLCC
Zepto,Flat 10% off upto Rs. 100 on transactions above Rs. 599,RBL Bank Shoprite Credit Card,,ZEPRBLCC
Zepto,Flat Rs. 50 discount on orders above Rs. 599,AU Bank InstaPay Credit Card,,ZEPAUCC
Zepto,Flat Rs. 50 discount on orders above Rs. 599,AU Bank Zenith+ Credit Card,,ZEPAUCC
Zepto,Flat Rs. 50 discount on orders above Rs. 599,AU Small Finance Bank ixigo Credit Card,,ZEPAUCC
Zepto,Flat Rs. 50 discount on orders above Rs. 599,AU Small Finance Bank Zenith Credit Card,,ZEPAUCC
Zepto,Flat Rs. 50 discount on orders above Rs. 599,AU Small Finance Bank Altura Plus Credit Card,,ZEPAUCC
Zepto,Flat Rs. 50 discount on orders above Rs. 599,AU Small Finance Bank Altura Credit Card,,ZEPAUCC
Zepto,Flat Rs. 50 discount on orders above Rs. 599,AU Small Finance Bank LIT Credit Card,,ZEPAUCC
Zepto,Flat Rs. 50 discount on orders above Rs. 599,Au Small Finance Bank Vetta Credit Card,,ZEPAUCC
Zepto,10% discount up to Rs. 150 on orders above Rs. 499,Federal Bank Wave Credit Card,,CREDITFB
Bigbasket,Flat Rs. 500 off on orders above Rs. 3000,Axis Bank Select Credit Card,,SELECTFEB25
Bigbasket,10% discount up to Rs. 200 on orders above Rs. 1500,,AU Royale Business Debit Card,AUDC
Bigbasket,10% discount up to Rs. 200 on orders above Rs. 1500,,Visa Business Gold Debit Card,AUDC
Bigbasket,10% discount up to Rs. 200 on orders above Rs. 1500,,AU Royale Debit Card,AUDC
Bigbasket,10% discount up to Rs. 200 on orders above Rs. 1500,,Visa Gold Debit Card,AUDC
Bigbasket,10% discount up to Rs. 200 on orders above Rs. 1500,,Platinum Debit Card,AUDC
Bigbasket,10% discount up to Rs. 200 on orders above Rs. 1500,,AU Royale World Debit Card,AUDC
Bigbasket,10% discount up to Rs. 200 on orders above Rs. 1500,,RuPay Platinum Debit Card,AUDC
Bigbasket,10% discount up to Rs. 200 on orders above Rs. 1500,,RuPay Classic Debit Card,AUDC
Bigbasket,10% discount up to Rs. 200 on orders above Rs. 1500,,Visa Business Platinum Debit Card,AUDC
Bigbasket,10% discount up to Rs. 200 on orders above Rs. 1500,,Mastercard Platinum Debit Card,AUDC
Bigbasket,10% discount up to Rs.300 on orders above Rs. 2000,,AU Royale Business Debit Card,AUIVYDC
Bigbasket,10% discount up to Rs.300 on orders above Rs. 2000,,Visa Business Gold Debit Card,AUIVYDC
Bigbasket,10% discount up to Rs.300 on orders above Rs. 2000,,AU Royale Debit Card,AUIVYDC
Bigbasket,10% discount up to Rs.300 on orders above Rs. 2000,,Visa Gold Debit Card,AUIVYDC
Bigbasket,10% discount up to Rs.300 on orders above Rs. 2000,,Platinum Debit Card,AUIVYDC
Bigbasket,10% discount up to Rs.300 on orders above Rs. 2000,,AU Royale World Debit Card,AUIVYDC
Bigbasket,10% discount up to Rs.300 on orders above Rs. 2000,,RuPay Platinum Debit Card,AUIVYDC
Bigbasket,10% discount up to Rs.300 on orders above Rs. 2000,,RuPay Classic Debit Card,AUIVYDC
Bigbasket,10% discount up to Rs.300 on orders above Rs. 2000,,Visa Business Platinum Debit Card,AUIVYDC
Bigbasket,10% discount up to Rs.300 on orders above Rs. 2000,,Mastercard Platinum Debit Card,AUIVYDC
Bigbasket,Flat Rs. 100 off on orders above Rs. 999,,DBS Bank Debit Card,DBSDC
Bigbasket,Flat Rs. 100 off on orders above Rs. 999,,Signature Visa Debit Card,DBSDC
Bigbasket,Flat Rs. 100 off on orders above Rs. 999,,DBS Bank EaseMyTrip Green Debit Card,DBSDC
Bigbasket,10% discount up to Rs. 100 on orders above Rs. 600,BOB Assure Credit Card,,BOBCCNOW
Bigbasket,10% discount up to Rs. 300 on orders above Rs. 2000,BOB Assure Credit Card,,BOBCC
Bigbasket,12% discount up to Rs. 300 on orders above Rs. 2000,Kotak League Platinum Credit Card,,KOTAKCC
Bigbasket,12% discount up to Rs. 300 on orders above Rs. 2000,Kotak Zen Signature Credit Card,,KOTAKCC
Bigbasket,12% discount up to Rs. 300 on orders above Rs. 2000,Kotak White Credit Card,,KOTAKCC
Bigbasket,12% discount up to Rs. 300 on orders above Rs. 2000,Kotak IndiGo 6E Rewards XL Credit Card,,KOTAKCC
Bigbasket,12% discount up to Rs. 300 on orders above Rs. 2000,Kotak IndiGo 6E Rewards Credit Card,,KOTAKCC
Bigbasket,12% discount up to Rs. 300 on orders above Rs. 2000,PVR INOX Kotak Credit Card,,KOTAKCC
Bigbasket,12% discount up to Rs. 300 on orders above Rs. 2000,Indian Oil Kotak Credit Card,,KOTAKCC
Bigbasket,12% discount up to Rs. 300 on orders above Rs. 2000,Myntra Kotak Credit Card,,KOTAKCC
Bigbasket,12% discount up to Rs. 300 on orders above Rs. 2000,Kotak Mojo Platinum Credit Card,,KOTAKCC
Bigbasket,12% discount up to Rs. 300 on orders above Rs. 2000,Kotak 811 Dream Different Credit Card,,KOTAKCC
Bigbasket,12% discount up to Rs. 300 on orders above Rs. 2000,Kotak 811 Credit Card,,KOTAKCC
Bigbasket,12% discount up to Rs. 300 on orders above Rs. 2000,Kotak Urbane Gold Credit Card,,KOTAKCC
Bigbasket,10% discount up to Rs. 250 on orders above Rs. 1500,Axis Bank Shoppers Stop Credit Card,,AXISWEDCC
Bigbasket,10% discount up to Rs. 250 on orders above Rs. 1500,Axis Bank Miles And More World Credit Card,,AXISWEDCC
Bigbasket,10% discount up to Rs. 250 on orders above Rs. 1500,Axis Bank Miles And More World Select Credit Card,,AXISWEDCC
Bigbasket,10% discount up to Rs. 250 on orders above Rs. 1500,Axis Bank Rewards Credit Card,,AXISWEDCC
Bigbasket,10% discount up to Rs. 250 on orders above Rs. 1500,Axis Bank Neo Credit Card,,AXISWEDCC
Bigbasket,10% discount up to Rs. 250 on orders above Rs. 1500,Fibe Axis Bank Rupay Credit Card,,AXISWEDCC
Bigbasket,10% discount up to Rs. 250 on orders above Rs. 1500,Axis KWIK Credit Card,,AXISWEDCC
Bigbasket,10% discount up to Rs. 250 on orders above Rs. 1500,Axis Insta Easy Credit Card,,AXISWEDCC
Bigbasket,10% discount up to Rs. 250 on orders above Rs. 1500,Axis Bank My Wings Credit Card,,AXISWEDCC
Bigbasket,10% discount up to Rs. 250 on orders above Rs. 1500,Axis Bank Titanium Smart Traveller Credit Card,,AXISWEDCC
Bigbasket,10% discount up to Rs. 250 on orders above Rs. 1500,Axis Bank Platinum Credit Card,,AXISWEDCC
Bigbasket,10% discount up to Rs. 250 on orders above Rs. 1500,LIC Axis Bank Platinum Credit Card,,AXISWEDCC
Bigbasket,10% discount up to Rs. 250 on orders above Rs. 1500,LIC Axis Bank Signature Credit Card,,AXISWEDCC
Bigbasket,10% discount up to Rs. 250 on orders above Rs. 1500,Axis Bank Signature Credit Card,,AXISWEDCC
Bigbasket,10% discount up to Rs. 250 on orders above Rs. 1500,Axis Bank Privilege Easy Credit Card,,AXISWEDCC
Bigbasket,10% discount up to Rs. 250 on orders above Rs. 1500,Axis Bank Pride Signature Credit Card,,AXISWEDCC
Bigbasket,10% discount up to Rs. 250 on orders above Rs. 1500,Axis Bank Pride Platinum Credit Card,,AXISWEDCC
Bigbasket,10% discount up to Rs. 250 on orders above Rs. 1500,Axis Bank Ace Credit Card,,AXISWEDCC
Bigbasket,10% discount up to Rs. 250 on orders above Rs. 1500,Axis Bank Freecharge Plus Credit Card,,AXISWEDCC
Bigbasket,10% discount up to Rs. 250 on orders above Rs. 1500,Axis Bank Freecharge Credit Card,,AXISWEDCC
Bigbasket,10% discount up to Rs. 250 on orders above Rs. 1500,Axis Bank Aura Credit Card,,AXISWEDCC
Bigbasket,10% discount up to Rs. 250 on orders above Rs. 1500,Axis Bank Reserve Credit Card,,AXISWEDCC
Bigbasket,10% discount up to Rs. 250 on orders above Rs. 1500,Axis Bank Neo Credit Card,,AXISWEDCC
Bigbasket,10% discount up to Rs. 250 on orders above Rs. 1500,Flipkart Axis Bank SuperElite Credit Card,,AXISWEDCC
Bigbasket,10% discount up to Rs. 250 on orders above Rs. 1500,Airtel Axis Bank Credit Card,,AXISWEDCC
Bigbasket,10% discount up to Rs. 250 on orders above Rs. 1500,Samsung Axis Bank Infinite Credit Card,,AXISWEDCC
Bigbasket,10% discount up to Rs. 250 on orders above Rs. 1500,Samsung Axis Bank Signature Credit Card,,AXISWEDCC
Bigbasket,10% discount up to Rs. 250 on orders above Rs. 1500,Axis Bank SpiceJet Voyage Black Credit Card,,AXISWEDCC
Bigbasket,10% discount up to Rs. 250 on orders above Rs. 1500,Axis Bank Atlas Credit Card,,AXISWEDCC
Bigbasket,10% discount up to Rs. 250 on orders above Rs. 1500,SpiceJet Axis Bank Voyage Credit Card,,AXISWEDCC
Bigbasket,10% discount up to Rs. 250 on orders above Rs. 1500,Axis Bank Select Credit Card,,AXISWEDCC
Bigbasket,10% discount up to Rs. 250 on orders above Rs. 1500,Axis Bank Privilege Credit Card,,AXISWEDCC
Bigbasket,10% discount up to Rs. 250 on orders above Rs. 1500,Axis Bank Vistara Infinite Credit Card,,AXISWEDCC
Bigbasket,10% discount up to Rs. 250 on orders above Rs. 1500,Axis Bank Magnus Credit Card,,AXISWEDCC
Bigbasket,10% discount up to Rs. 250 on orders above Rs. 1500,Axis Bank Vistara Signature Credit Card,,AXISWEDCC
Bigbasket,10% discount up to Rs. 250 on orders above Rs. 1500,Axis Bank Vistara Credit Card,,AXISWEDCC
Bigbasket,10% discount up to Rs. 250 on orders above Rs. 1500,Axis Bank MY Zone Credit Card,,AXISWEDCC
Bigbasket,10% discount up to Rs. 250 on orders above Rs. 1500,Flipkart Axis Bank Credit Card,,AXISWEDCC
Bigbasket,10% discount up to Rs. 250 on orders above Rs. 1500,IndianOil Axis Bank Credit Card,,AXISWEDCC
Bigbasket,Up to 5% NeuCoins with no minimum value of order ,Tata Neu HDFC Bank Credit Card,,Auto-applied 
JioMart,10% discount  up to Rs. 300 on orders above 1500,BOB Assure Credit Card,,Auto-applied 
